书名,作者,编号,数量,出版商,发行日期,价格,类型,剩余数量,总共借出次数,书1状态,书1ID,书2状态,书2ID,书3状态,书3ID,书4状态,书4ID,书5状态,书5ID,书6状态,书6ID,书7状态,书7ID,书8状态,书8ID,书9状态,书9ID,书10状态,书10ID
cde ,Danis ,2,10,Danis ,2018,99.000000,1,10,0,1,0,1,0,1,0,1,0,1,0,1,0,1,0,1,0,1,0,1,0
sss ,Danis ,3,10,Danis ,2018,99.000000,1,10,0,1,0,1,0,1,0,1,0,1,0,1,0,1,0,1,0,1,0,1,0
www ,Danis ,4,10,Danis  ,2018,99.000000,1,10,0,1,0,1,0,1,0,1,0,1,0,1,0,1,0,1,0,1,0,1,0
sdsd ,Danis ,5,10,Danis ,2018,99.000000,1,10,0,1,0,1,0,1,0,1,0,1,0,1,0,1,0,1,0,1,0,1,0
wff ,Danis ,6,10,Danis ,2018,99.000000,1,10,0,1,0,1,0,1,0,1,0,1,0,1,0,1,0,1,0,1,0,1,0
abc ,Danis ,1,10,Danis ,2018,99.000000,1,10,0,1,0,1,0,1,0,1,0,1,0,1,0,1,0,1,0,1,0,1,0
eee,danis,10,10,danis,2018,23.000000,1,10,0,1,0,1,0,1,0,1,0,1,0,1,0,1,0,1,0,1,0,1,0
7,danis,7,7,danis,2018,23.000000,1,7,0,0,0,1,0,1,0,1,0,1,0,1,0,1,0,205,0,205,0,205,0