书名,作者,编号,数量,出版商,发行日期,价格,类型,剩余数量,总共借出次数,书1状态,书1ID,书2状态,书2ID,书3状态,书3ID,书4状态,书4ID,书5状态,书5ID,书6状态,书6ID,书7状态,书7ID,书8状态,书8ID,书9状态,书9ID,书10状态,书10ID
Danis,2018,99,1,10,0,1.000000,-842150451,1,0,屯sss,Danis,3,10,Danis,2018,99.000000,-842150451,10,0,屯www,Danis,4,10,Danis,2018,99.000000,-842150451,10,0,屯sdsd,Danis,5,10,Danis,2018,99.000000,-842150451,10,0,屯wff,Danis,6,10,Danis,2018,99.000000,-842150451,10,0,屯abc,Danis,1,10,Danis,2018,99.000000,-842150451,10,0,屯